Order-Id,Item-id,Product-Id,Quantity,Sales-Id,Customer-Id,Sales-Price-Per-Prod,Market-Segment
0,0,4,28,4,6,157,pharmaceutical
1,1,7,17,5,14,131,education
2,2,8,7,2,28,194,retail
3,3,5,15,6,21,107,realestate
4,4,13,17,6,24,124,education
5,5,10,7,7,4,98,education
6,6,19,19,9,1,82,financial
7,7,13,29,5,24,134,realestate
8,8,1,14,0,11,232,software
9,9,19,24,9,8,89,realestate
10,10,0,14,0,16,123,retail
11,11,0,20,4,26,123,financial
12,12,9,8,0,27,71,education
13,13,4,27,0,20,174,software
14,14,9,7,8,23,44,pharmaceutical
15,15,1,15,6,12,182,software
16,16,15,23,0,21,203,realestate
17,17,4,1,2,18,149,pharmaceutical
18,18,18,25,2,2,80,software
19,19,9,12,8,8,78,realestate
20,20,0,10,0,2,121,retail
21,21,8,17,5,11,203,education
22,22,8,13,6,17,137,pharmaceutical
23,23,15,24,4,27,201,financial
24,24,9,6,9,17,81,financial
25,25,5,8,0,12,96,retail
26,26,12,2,9,14,79,retail
27,27,19,15,5,22,83,financial
28,28,4,13,2,8,174,retail
29,29,16,3,8,14,158,financial
30,30,19,16,0,15,88,retail
31,31,12,28,4,5,87,retail
32,32,1,5,5,1,184,pharmaceutical
33,33,4,14,9,28,132,software
34,34,15,28,6,10,213,pharmaceutical
35,35,5,15,8,6,132,education
36,36,9,18,4,16,105,education
37,37,14,14,0,29,197,education
38,38,5,2,0,13,124,software
39,39,3,16,3,12,194,retail
40,40,9,27,5,0,96,realestate
41,41,7,15,5,10,124,retail
42,42,6,22,9,15,62,realestate
43,43,13,12,4,16,96,realestate
44,44,0,0,0,11,119,pharmaceutical
45,45,17,11,2,2,196,retail
46,46,16,2,1,2,161,software
47,47,19,9,0,19,117,realestate
48,48,14,7,5,11,194,retail
49,49,11,26,2,11,112,financial
50,50,17,11,5,15,192,pharmaceutical
51,51,17,4,7,26,189,retail
52,52,12,1,3,6,96,realestate
53,53,12,18,4,14,97,software
54,54,4,10,6,1,163,education
55,55,13,15,9,23,131,software
56,56,16,24,0,25,146,software
57,57,3,15,7,16,193,realestate
58,58,4,2,2,5,161,software
59,59,13,8,1,4,104,pharmaceutical
60,60,2,8,6,21,201,pharmaceutical
61,61,18,7,5,6,71,realestate
62,62,11,17,5,17,123,retail
63,63,12,9,9,10,94,software
64,64,2,25,7,18,216,pharmaceutical
65,65,9,1,6,3,73,realestate
66,66,12,12,2,0,109,pharmaceutical
67,67,2,14,6,14,213,software
68,68,2,16,8,18,210,financial
69,69,7,12,3,2,135,education
70,70,11,5,9,25,119,realestate
71,71,10,10,0,13,141,pharmaceutical
72,72,13,4,8,18,144,financial
73,73,7,0,3,0,132,financial
74,74,14,21,6,10,193,financial
75,75,4,6,7,3,186,software
76,76,2,21,7,0,210,realestate
77,77,0,17,1,15,123,pharmaceutical
78,78,5,13,9,26,113,financial
79,79,1,1,0,8,181,pharmaceutical
80,80,18,18,8,6,91,software
81,81,3,27,5,3,201,realestate
82,82,13,23,7,7,131,education
83,83,9,15,4,20,80,financial
84,84,7,4,9,13,163,software
85,85,14,26,1,27,196,retail
86,86,17,0,7,27,194,software
87,87,19,9,4,0,75,software
88,88,18,16,1,10,85,software
89,89,0,28,3,6,120,software
90,90,6,22,1,12,38,pharmaceutical
91,91,7,1,0,27,132,realestate
92,92,5,26,0,26,124,software
93,93,16,22,4,12,147,education
94,94,5,26,2,5,109,retail
95,95,4,10,9,6,133,retail
96,96,3,21,5,25,194,realestate
97,97,10,20,8,17,103,retail
98,98,14,5,1,19,194,retail
99,99,9,16,1,0,102,software
100,100,17,19,2,27,192,financial
101,101,4,19,4,29,131,realestate
102,102,13,18,8,6,140,software
103,103,4,13,1,21,159,financial
104,104,1,12,2,1,179,financial
105,105,14,15,0,14,182,retail
106,106,1,7,8,27,200,software
107,107,10,7,3,25,123,financial
108,108,14,21,7,17,185,financial
109,109,5,16,3,9,104,education
110,110,14,5,7,26,184,financial
111,111,2,17,1,15,203,education
112,112,15,4,0,17,193,realestate
113,113,10,28,8,25,144,realestate
114,114,3,1,2,18,206,pharmaceutical
115,115,0,9,1,5,123,retail
116,116,15,22,9,22,207,software
117,117,7,19,2,10,128,realestate
118,118,1,8,3,11,231,financial
119,119,9,8,7,2,105,software
120,120,18,16,2,16,66,realestate
121,121,12,10,8,17,79,software
122,122,15,18,1,4,185,financial
123,123,13,26,1,11,122,pharmaceutical
124,124,0,17,0,2,120,financial
125,125,5,24,7,28,139,financial
126,126,14,0,1,28,193,pharmaceutical
127,127,6,27,0,6,85,retail
128,128,2,12,9,7,216,pharmaceutical
129,129,12,1,4,20,108,software
130,130,10,27,4,7,122,retail
131,131,17,13,2,12,190,financial
132,132,2,2,5,12,210,financial
133,133,5,13,3,24,126,realestate
134,134,15,12,3,15,212,financial
135,135,15,24,1,14,208,retail
136,136,6,14,4,13,80,retail
137,137,5,8,6,16,119,software
138,138,14,26,2,26,188,retail
139,139,18,18,5,22,57,education
140,140,14,18,6,21,196,realestate
141,141,0,5,9,1,123,software
142,142,4,12,1,11,134,pharmaceutical
143,143,9,17,2,19,81,financial
144,144,6,16,6,14,61,financial
145,145,7,3,3,6,167,software
146,146,13,3,7,8,143,software
147,147,10,23,7,0,142,pharmaceutical
148,148,14,15,3,26,182,realestate
149,149,19,2,7,5,78,retail
150,150,19,11,2,20,77,retail
151,151,15,20,2,9,192,pharmaceutical
152,152,0,20,4,24,122,realestate
153,153,15,17,9,17,211,pharmaceutical
154,154,5,17,4,27,93,software
155,155,4,6,8,20,135,software
156,156,1,9,8,5,166,pharmaceutical
157,157,18,0,6,9,96,retail
158,158,15,26,9,14,194,financial
159,159,0,23,2,28,121,realestate
160,160,1,26,6,20,163,pharmaceutical
161,161,18,16,2,17,59,realestate
162,162,7,14,9,19,142,financial
163,163,11,12,2,29,122,pharmaceutical
164,164,9,29,7,15,83,education
165,165,0,5,1,14,122,pharmaceutical
166,166,18,25,0,20,62,financial
167,167,4,28,2,12,179,education
168,168,18,20,9,3,81,pharmaceutical
169,169,17,1,2,20,186,education
170,170,18,2,4,27,99,pharmaceutical
171,171,13,21,2,1,113,software
172,172,8,4,5,9,115,retail
173,173,12,6,9,21,81,retail
174,174,12,20,1,9,88,software
175,175,8,17,7,26,192,pharmaceutical
176,176,10,2,9,29,136,education
177,177,7,18,7,7,157,education
178,178,3,1,0,25,192,realestate
179,179,8,26,6,0,152,software
180,180,5,21,6,22,107,financial
181,181,13,5,5,0,112,education
182,182,15,28,3,21,211,retail
183,183,17,1,3,21,205,education
184,184,4,18,5,20,158,financial
185,185,6,3,1,16,58,retail
186,186,0,17,8,13,119,pharmaceutical
187,187,8,13,4,7,193,retail
188,188,10,27,2,24,151,retail
189,189,19,10,4,24,81,software
190,190,10,10,1,5,109,retail
191,191,12,13,6,12,86,pharmaceutical
192,192,11,22,4,12,117,software
193,193,15,11,6,17,200,education
194,194,10,6,8,17,127,realestate
195,195,10,4,2,25,133,retail
196,196,5,5,6,13,112,education
197,197,19,2,1,19,76,financial
198,198,8,12,7,18,191,education
199,199,8,23,4,7,176,software
200,200,16,17,8,13,147,pharmaceutical
201,201,6,24,5,28,54,retail
202,202,5,20,7,12,97,realestate
203,203,14,6,6,5,192,financial
204,204,13,16,7,18,144,financial
205,205,18,21,1,25,87,pharmaceutical
206,206,4,4,6,5,158,financial
207,207,17,29,9,23,203,realestate
208,208,19,11,3,10,75,education
209,209,8,21,9,2,170,education
210,210,8,6,5,24,195,software
211,211,9,6,0,14,80,realestate
212,212,16,19,2,8,152,education
213,213,14,18,8,11,187,software
214,214,8,21,1,28,197,education
215,215,18,20,2,26,84,software
216,216,7,21,6,22,165,pharmaceutical
217,217,15,22,2,15,209,realestate
218,218,19,7,0,21,71,software
219,219,19,11,6,20,85,pharmaceutical
220,220,8,7,7,8,181,realestate
221,221,15,22,5,12,192,pharmaceutical
222,222,12,1,2,0,94,realestate
223,223,8,11,4,2,154,realestate
224,224,17,15,2,3,192,pharmaceutical
225,225,9,14,5,8,103,retail
226,226,7,18,4,11,142,education
227,227,18,19,0,5,74,realestate
228,228,12,10,7,19,107,retail
229,229,15,17,1,29,220,financial
230,230,10,22,1,2,120,pharmaceutical
231,231,5,3,2,3,120,retail
232,232,5,28,0,17,93,pharmaceutical
233,233,9,29,0,24,92,financial
234,234,10,28,9,14,107,financial
235,235,5,4,6,2,112,financial
236,236,1,24,8,12,226,retail
237,237,2,17,9,12,216,pharmaceutical
238,238,14,1,7,10,199,realestate
239,239,1,7,9,1,159,education
240,240,18,28,2,15,78,pharmaceutical
241,241,16,8,4,27,159,realestate
242,242,1,0,3,24,176,financial
243,243,14,3,7,13,179,software
244,244,19,7,3,1,115,pharmaceutical
245,245,18,12,6,14,72,retail
246,246,16,5,8,12,146,financial
247,247,16,24,4,12,152,retail
248,248,4,28,1,16,150,realestate
249,249,8,16,1,13,191,retail
250,250,15,2,2,25,193,retail
251,251,3,6,4,12,166,realestate
252,252,10,9,9,4,117,financial
253,253,3,15,3,8,193,realestate
254,254,14,16,2,8,195,software
255,255,13,27,4,26,99,education
256,256,13,17,9,7,137,software
257,257,4,18,9,24,192,financial
258,258,9,10,5,23,45,realestate
259,259,4,12,9,23,172,software
260,260,8,8,6,15,199,software
261,261,3,13,6,21,171,realestate
262,262,17,19,2,8,189,retail
263,263,8,7,2,2,162,financial
264,264,15,7,2,23,216,retail
265,265,17,22,2,25,190,retail
266,266,9,10,2,27,98,realestate
267,267,7,8,7,18,158,realestate
268,268,7,10,3,18,134,retail
269,269,19,3,3,10,74,retail
270,270,8,15,0,22,183,financial
271,271,16,0,6,6,161,education
272,272,18,26,1,28,72,financial
273,273,17,16,3,1,200,retail
274,274,1,6,2,10,208,retail
275,275,6,8,4,12,59,software
276,276,13,19,1,22,139,realestate
277,277,0,12,7,9,123,education
278,278,14,13,8,4,198,retail
279,279,1,2,4,3,156,education
280,280,11,12,1,2,118,retail
281,281,0,11,0,14,119,education
282,282,19,24,5,9,114,pharmaceutical
283,283,0,2,5,26,122,financial
284,284,10,12,1,5,127,software
285,285,10,22,9,5,131,realestate
286,286,6,6,3,13,53,software
287,287,15,4,7,20,198,financial
288,288,9,19,0,29,93,financial
289,289,18,12,4,23,56,retail
290,290,8,3,1,23,192,financial
291,291,19,10,2,3,113,pharmaceutical
292,292,13,16,4,6,99,financial
293,293,4,15,2,0,187,realestate
294,294,3,4,5,3,197,retail
295,295,1,29,1,0,174,software
296,296,12,19,0,5,88,retail
297,297,10,9,6,28,156,software
298,298,3,14,7,15,187,retail
299,299,15,16,7,18,180,realestate
300,300,9,9,4,21,64,financial
301,301,14,22,5,21,178,software
302,302,0,3,0,6,122,software
303,303,10,26,6,22,95,retail
304,304,11,0,8,8,128,financial
305,305,5,26,1,1,130,education
306,306,9,28,3,14,63,education
307,307,5,6,6,10,130,pharmaceutical
308,308,7,10,1,12,134,financial
309,309,9,11,9,25,86,pharmaceutical
310,310,18,6,8,10,60,retail
311,311,19,17,8,11,83,realestate
312,312,5,13,5,13,133,pharmaceutical
313,313,11,27,5,5,118,education
314,314,16,7,7,6,147,software
315,315,1,29,6,13,208,financial
316,316,18,4,3,27,77,retail
317,317,6,28,7,27,82,retail
318,318,6,28,0,6,55,education
319,319,2,8,9,22,216,realestate
320,320,5,8,2,25,120,financial
321,321,0,18,3,19,121,education
322,322,13,22,9,2,98,education
323,323,12,7,1,16,85,software
324,324,17,4,9,22,191,education
325,325,14,23,2,16,180,retail
326,326,1,22,1,20,184,financial
327,327,8,21,7,19,113,financial
328,328,15,14,3,8,202,education
329,329,16,16,1,26,159,realestate
330,330,0,3,8,19,122,software
331,331,6,28,9,21,72,education
332,332,1,19,4,3,193,education
333,333,6,2,8,4,47,software
334,334,4,12,8,22,149,realestate
335,335,19,19,9,21,104,financial
336,336,5,6,9,29,95,realestate
337,337,11,26,5,21,119,financial
338,338,0,2,1,18,123,financial
339,339,12,17,4,11,96,realestate
340,340,9,6,7,14,60,education
341,341,12,4,2,12,107,realestate
342,342,0,19,7,17,122,realestate
343,343,16,22,4,0,156,software
344,344,9,10,2,3,65,retail
345,345,1,27,0,29,202,software
346,346,5,8,2,24,113,pharmaceutical
347,347,6,16,2,4,58,realestate
348,348,15,5,8,15,205,retail
349,349,8,8,0,2,167,financial
350,350,8,8,6,14,124,pharmaceutical
351,351,14,27,2,20,178,software
352,352,15,26,4,15,182,education
353,353,7,5,1,2,154,realestate
354,354,16,0,4,25,148,realestate
355,355,2,19,8,0,217,realestate
356,356,2,0,9,17,202,financial
357,357,0,2,8,7,123,pharmaceutical
358,358,16,18,4,11,147,retail
359,359,8,28,0,21,197,realestate
360,360,5,21,9,26,95,realestate
361,361,7,23,3,25,124,financial
362,362,15,19,4,25,213,software
363,363,7,5,0,20,160,pharmaceutical
364,364,16,25,9,23,147,financial
365,365,17,18,8,22,205,realestate
366,366,14,1,4,5,179,financial
367,367,3,3,9,15,210,education
368,368,9,23,9,13,68,realestate
369,369,15,9,7,3,194,financial
370,370,19,25,6,22,108,software
371,371,2,25,4,28,204,pharmaceutical
372,372,7,15,8,16,119,software
373,373,11,18,5,6,107,financial
374,374,16,18,2,8,154,financial
375,375,9,29,4,26,53,education
376,376,7,2,7,11,164,pharmaceutical
377,377,11,24,3,2,91,financial
378,378,15,13,1,13,182,pharmaceutical
379,379,16,26,7,8,150,financial
380,380,17,16,2,24,201,pharmaceutical
381,381,11,25,0,6,120,financial
382,382,6,19,2,18,56,realestate
383,383,11,12,7,28,126,pharmaceutical
384,384,9,2,9,1,43,software
385,385,18,11,6,15,80,education
386,386,4,17,4,20,177,retail
387,387,13,27,8,1,136,software
388,388,13,10,6,29,93,education
389,389,12,5,5,29,79,retail
390,390,10,3,2,21,111,retail
391,391,7,12,7,28,121,pharmaceutical
392,392,16,29,1,17,149,retail
393,393,16,24,5,25,162,retail
394,394,17,19,0,24,188,education
395,395,18,24,0,3,100,pharmaceutical
396,396,1,5,8,11,218,financial
397,397,0,7,1,8,119,software
398,398,16,17,6,0,154,financial
399,399,18,29,1,6,68,education
400,400,2,23,4,5,213,education
401,401,2,3,2,10,216,financial
402,402,17,21,8,3,183,realestate
403,403,0,23,3,11,122,education
404,404,0,28,4,29,121,education
405,405,16,18,2,16,159,pharmaceutical
406,406,2,20,5,23,208,pharmaceutical
407,407,2,9,0,24,205,education
408,408,11,13,9,24,112,pharmaceutical
409,409,15,0,7,22,219,retail
410,410,2,22,5,4,215,financial
411,411,14,17,6,9,186,realestate
412,412,0,9,8,22,121,financial
413,413,9,22,7,3,88,financial
414,414,15,17,0,26,209,software
415,415,13,26,0,4,123,financial
416,416,6,11,0,9,40,financial
417,417,1,10,2,26,227,software
418,418,6,20,5,15,50,retail
419,419,2,24,1,6,213,pharmaceutical
420,420,2,6,6,2,201,education
421,421,19,19,6,3,115,realestate
422,422,9,26,2,5,66,education
423,423,16,9,2,9,153,education
424,424,11,19,5,19,126,education
425,425,1,16,6,17,209,financial
426,426,5,6,2,8,107,education
427,427,8,16,8,9,135,realestate
428,428,10,7,9,8,94,financial
429,429,6,20,3,13,58,financial
430,430,4,23,9,11,133,realestate
431,431,12,24,3,14,83,realestate
432,432,0,21,5,8,119,software
433,433,10,2,5,25,132,pharmaceutical
434,434,7,12,9,14,126,pharmaceutical
435,435,9,8,2,5,65,retail
436,436,6,11,7,20,40,retail
437,437,19,7,5,3,110,financial
438,438,6,14,6,29,44,realestate
439,439,15,12,7,12,192,retail
440,440,14,4,3,29,198,retail
441,441,11,16,8,6,102,realestate
442,442,1,29,0,7,175,realestate
443,443,13,4,5,1,125,education
444,444,7,28,3,10,142,financial
445,445,15,21,5,27,212,software
446,446,14,10,0,17,181,realestate
447,447,15,21,5,14,195,financial
448,448,10,5,8,7,116,pharmaceutical
449,449,8,15,0,4,148,realestate
450,450,17,13,7,12,193,pharmaceutical
451,451,5,14,3,20,139,realestate
452,452,5,15,1,7,131,retail
453,453,4,24,3,16,195,retail
454,454,19,16,1,17,83,financial
455,455,18,27,1,2,65,realestate
456,456,6,18,0,26,67,education
457,457,12,11,2,25,99,retail
458,458,7,21,2,1,166,software
459,459,8,29,5,18,207,financial
460,460,9,27,0,28,92,realestate
461,461,5,15,2,13,122,education
462,462,1,15,8,16,218,retail
463,463,4,10,3,8,177,education
464,464,16,16,7,20,156,financial
465,465,9,19,2,20,56,financial
466,466,1,28,4,18,165,retail
467,467,10,21,1,0,121,retail
468,468,15,6,0,8,184,pharmaceutical
469,469,1,0,8,25,192,education
470,470,0,17,0,25,120,financial
471,471,0,22,7,19,120,realestate
472,472,3,2,4,29,180,software
473,473,14,3,9,29,190,financial
474,474,8,22,0,8,173,pharmaceutical
475,475,8,8,3,24,158,realestate
476,476,11,22,1,18,96,pharmaceutical
477,477,4,20,1,14,168,software
478,478,5,0,5,6,119,realestate
479,479,11,21,3,24,121,retail
480,480,6,1,0,0,45,retail
481,481,7,0,6,0,165,education
482,482,18,16,7,3,103,education
483,483,0,17,2,8,123,education
484,484,10,14,1,18,127,retail
485,485,5,8,4,4,135,financial
486,486,10,13,2,22,152,education
487,487,7,6,6,22,135,pharmaceutical
488,488,18,16,7,2,89,realestate
489,489,0,26,2,20,120,financial
490,490,13,27,2,10,109,software
491,491,15,23,4,25,214,retail
492,492,19,13,1,11,80,software
493,493,18,23,3,18,69,realestate
494,494,2,8,7,5,203,software
495,495,0,8,8,7,123,software
496,496,16,28,7,10,154,financial
497,497,10,24,8,28,111,realestate
498,498,14,7,3,25,188,financial
499,499,13,24,9,7,127,software
500,500,0,19,5,18,119,education
501,501,2,27,7,0,208,education
502,502,0,24,4,13,121,retail
503,503,9,12,0,7,74,education
504,504,10,19,5,22,125,education
505,505,15,13,7,25,186,financial
506,506,12,25,6,28,81,pharmaceutical
507,507,7,6,5,24,133,retail
508,508,4,27,6,7,186,education
509,509,2,0,9,23,206,pharmaceutical
510,510,19,13,4,19,89,pharmaceutical
511,511,7,1,4,6,167,financial
512,512,13,0,1,14,105,education
513,513,2,22,6,0,201,education
514,514,4,29,4,9,185,pharmaceutical
515,515,5,4,0,3,103,software
516,516,4,17,0,14,153,pharmaceutical
517,517,2,6,4,25,203,realestate
518,518,12,10,3,11,83,software
519,519,5,10,5,19,93,pharmaceutical
520,520,10,28,3,0,111,retail
521,521,5,21,8,21,104,realestate
522,522,8,6,7,10,184,retail
523,523,16,12,1,28,159,retail
524,524,0,6,2,4,122,retail
525,525,12,12,4,26,82,pharmaceutical
526,526,17,9,7,20,204,education
527,527,6,2,6,9,51,software
528,528,18,18,3,12,95,software
529,529,9,26,5,4,60,software
530,530,6,27,8,29,85,realestate
531,531,13,1,5,14,142,software
532,532,16,11,9,19,160,pharmaceutical
533,533,18,9,5,24,60,financial
534,534,6,21,0,2,62,software
535,535,2,18,1,27,212,software
536,536,16,24,2,17,151,pharmaceutical
537,537,9,15,1,17,103,retail
538,538,1,3,8,21,235,pharmaceutical
539,539,3,25,5,8,181,retail
540,540,18,3,2,13,51,financial
541,541,2,26,8,6,210,education
542,542,11,10,5,27,126,software
543,543,13,17,6,20,135,software
544,544,7,25,0,7,150,financial
545,545,18,9,1,5,65,realestate
546,546,12,23,4,16,89,education
547,547,12,14,5,5,104,realestate
548,548,8,28,8,16,140,education
549,549,17,22,7,4,203,realestate
550,550,11,24,6,8,137,education
551,551,9,2,5,12,102,realestate
552,552,2,19,2,20,215,education
553,553,19,29,3,16,119,pharmaceutical
554,554,3,1,7,4,175,education
555,555,16,16,1,18,153,pharmaceutical
556,556,4,25,9,17,178,financial
557,557,8,5,9,19,161,software
558,558,13,27,3,15,116,retail
559,559,11,24,7,7,101,realestate
560,560,10,21,5,28,158,software
561,561,10,23,1,20,145,realestate
562,562,14,6,5,4,199,software
563,563,7,13,3,1,131,pharmaceutical
564,564,9,28,6,18,44,pharmaceutical
565,565,12,28,4,2,109,realestate
566,566,2,13,0,25,199,retail
567,567,11,7,6,1,91,retail
568,568,15,10,2,6,199,realestate
569,569,5,27,0,18,97,pharmaceutical
570,570,6,14,0,9,67,pharmaceutical
571,571,3,24,1,9,205,retail
572,572,12,28,7,28,83,software
573,573,15,15,2,21,178,realestate
574,574,15,1,2,5,184,realestate
575,575,15,7,7,25,192,retail
576,576,13,16,2,8,90,realestate
577,577,5,27,3,8,124,software
578,578,17,10,5,23,202,financial
579,579,0,19,5,23,123,realestate
580,580,10,5,4,5,91,financial
581,581,0,22,5,22,119,pharmaceutical
582,582,6,23,6,8,53,financial
583,583,3,6,7,11,215,software
584,584,10,25,8,10,93,realestate
585,585,10,14,5,26,132,software
586,586,8,4,8,11,117,education
587,587,13,5,7,22,128,pharmaceutical
588,588,10,18,0,13,151,retail
589,589,6,9,0,26,67,education
590,590,14,23,3,19,189,realestate
591,591,8,7,8,19,196,financial
592,592,2,10,4,10,204,retail
593,593,5,11,7,20,125,realestate
594,594,10,23,4,2,112,retail
595,595,1,13,4,1,169,realestate
596,596,5,22,0,11,108,retail
597,597,1,1,2,3,172,retail
598,598,4,26,4,26,138,financial
599,599,19,6,4,25,91,software
600,600,1,10,5,1,206,software
601,601,16,9,2,2,153,retail
602,602,3,10,9,28,189,realestate
603,603,16,16,5,6,161,software
604,604,0,17,9,11,123,education
605,605,7,3,1,3,138,pharmaceutical
606,606,18,3,4,8,92,realestate
607,607,10,8,6,3,143,education
608,608,2,26,7,18,210,education
609,609,1,14,3,29,192,software
610,610,4,23,0,24,152,education
611,611,1,18,6,29,228,pharmaceutical
612,612,17,20,8,16,201,software
613,613,7,18,8,25,161,retail
614,614,4,10,0,14,185,software
615,615,19,4,2,8,91,realestate
616,616,19,28,0,9,84,retail
617,617,19,7,6,5,87,software
618,618,3,23,0,4,203,education
619,619,2,18,9,3,202,pharmaceutical
620,620,3,6,7,16,189,software
621,621,18,25,5,23,52,education
622,622,3,9,9,18,174,education
623,623,7,23,9,8,136,pharmaceutical
624,624,4,1,0,21,154,software
625,625,11,22,8,17,114,software
626,626,9,2,5,14,77,pharmaceutical
627,627,19,20,7,12,87,pharmaceutical
628,628,9,22,5,21,50,education
629,629,8,16,3,21,131,financial
630,630,5,22,2,28,111,education
631,631,16,9,5,25,162,financial
632,632,14,4,0,13,182,realestate
633,633,15,5,8,25,210,realestate
634,634,5,21,8,16,103,retail
635,635,16,7,3,11,148,pharmaceutical
636,636,16,18,6,0,156,realestate
637,637,19,3,4,16,82,software
638,638,12,5,6,22,108,retail
639,639,10,3,9,25,156,education
640,640,6,12,6,13,53,education
641,641,17,16,1,8,189,education
642,642,0,4,4,7,120,realestate
643,643,0,4,8,26,122,realestate
644,644,15,8,1,5,216,software
645,645,12,22,0,13,106,financial
646,646,15,19,4,22,218,software
647,647,9,21,5,11,48,retail
648,648,0,9,9,24,122,realestate
649,649,13,5,5,11,123,retail
650,650,5,26,9,6,136,realestate
651,651,16,13,0,4,157,pharmaceutical
652,652,11,12,8,4,119,retail
653,653,3,10,9,8,213,education
654,654,18,28,8,28,77,education
655,655,13,15,0,16,128,software
656,656,4,17,9,19,176,software
657,657,2,26,4,26,216,realestate
658,658,8,25,3,21,165,pharmaceutical
659,659,16,24,6,8,147,software
660,660,13,20,2,25,86,realestate
661,661,2,14,1,26,213,financial
662,662,3,15,2,26,214,software
663,663,4,16,7,26,131,software
664,664,0,21,3,17,119,realestate
665,665,9,23,1,28,80,pharmaceutical
666,666,0,15,5,5,119,financial
667,667,18,29,7,7,77,education
668,668,5,3,5,22,133,pharmaceutical
669,669,14,4,5,18,190,software
670,670,1,25,0,7,236,software
671,671,7,18,4,16,157,software
672,672,9,8,7,14,84,retail
673,673,9,29,2,28,64,realestate
674,674,14,1,5,10,184,software
675,675,12,25,1,20,91,pharmaceutical
676,676,6,0,3,15,63,education
677,677,17,25,9,0,195,financial
678,678,14,20,8,21,184,realestate
679,679,1,1,3,16,188,education
680,680,17,2,2,27,197,software
681,681,7,2,6,27,139,realestate
682,682,17,0,9,13,186,retail
683,683,17,7,6,12,184,retail
684,684,2,21,4,20,214,retail
685,685,6,18,2,18,53,retail
686,686,14,21,9,2,186,education
687,687,14,29,2,14,195,pharmaceutical
688,688,8,13,7,22,192,realestate
689,689,12,11,8,9,96,realestate
690,690,10,10,6,13,125,education
691,691,8,5,8,16,129,pharmaceutical
692,692,0,16,3,19,123,financial
693,693,3,23,0,7,201,retail
694,694,15,2,5,19,181,education
695,695,12,25,7,11,109,retail
696,696,9,10,7,7,52,education
697,697,14,9,8,22,181,realestate
698,698,3,13,6,9,203,software
699,699,4,4,3,12,152,realestate
700,700,10,15,1,29,89,realestate
701,701,17,7,2,1,202,retail
702,702,17,6,7,10,203,education
703,703,17,29,0,0,190,realestate
704,704,0,3,7,23,120,education
705,705,14,15,7,8,198,pharmaceutical
706,706,6,29,1,17,52,financial
707,707,5,24,9,6,100,financial
708,708,7,7,5,5,143,retail
709,709,18,5,2,1,81,education
710,710,1,11,4,18,207,software
711,711,3,4,1,5,198,financial
712,712,15,7,0,3,220,software
713,713,3,4,1,10,189,financial
714,714,12,13,3,27,91,financial
715,715,5,13,4,8,127,pharmaceutical
716,716,3,15,1,26,208,retail
717,717,10,8,5,4,107,financial
718,718,19,25,0,29,79,realestate
719,719,18,15,5,10,59,pharmaceutical
720,720,2,17,0,16,211,pharmaceutical
721,721,12,2,9,13,78,education
722,722,4,21,0,2,173,software
723,723,16,26,2,1,157,realestate
724,724,8,5,7,20,189,software
725,725,15,3,5,4,194,retail
726,726,13,29,4,20,93,pharmaceutical
727,727,8,19,1,14,168,retail
728,728,5,7,6,28,122,retail
729,729,18,7,4,19,53,retail
730,730,3,3,8,7,184,education
731,731,10,28,3,11,89,retail
732,732,9,6,2,6,44,retail
733,733,8,20,1,11,137,software
734,734,0,0,6,17,119,education
735,735,4,21,7,16,163,financial
736,736,13,2,4,6,99,retail
737,737,2,7,8,22,208,education
738,738,3,7,0,6,172,retail
739,739,12,23,7,18,87,retail
740,740,9,9,3,6,79,realestate
741,741,12,0,5,15,85,education
742,742,4,6,2,6,170,pharmaceutical
743,743,14,6,6,12,186,financial
744,744,13,22,1,20,103,pharmaceutical
745,745,9,27,3,1,90,financial
746,746,6,24,1,13,39,pharmaceutical
747,747,3,15,4,13,204,pharmaceutical
748,748,12,14,4,1,105,retail
749,749,4,8,5,4,143,realestate
750,750,9,1,1,9,77,software
751,751,8,20,5,26,192,financial
752,752,13,20,7,3,116,retail
753,753,2,5,8,3,207,financial
754,754,9,23,6,10,83,retail
755,755,7,23,2,27,126,education
756,756,7,5,5,11,159,realestate
757,757,5,25,2,13,95,pharmaceutical
758,758,2,24,8,7,205,software
759,759,5,15,1,19,135,financial
760,760,10,15,5,24,104,realestate
761,761,5,7,5,26,122,financial
762,762,11,27,2,20,107,software
763,763,16,5,5,16,153,realestate
764,764,16,18,1,22,150,realestate
765,765,14,3,0,18,199,education
766,766,10,14,9,20,111,financial
767,767,15,14,7,29,180,financial
768,768,3,29,3,8,185,realestate
769,769,3,19,6,26,180,pharmaceutical
770,770,1,5,9,19,186,financial
771,771,5,8,7,13,113,software
772,772,18,21,0,3,73,pharmaceutical
773,773,7,11,5,22,122,pharmaceutical
774,774,14,28,8,26,199,financial
775,775,16,11,2,25,149,pharmaceutical
776,776,7,24,7,18,138,software
777,777,3,19,3,25,191,retail
778,778,10,10,9,26,139,realestate
779,779,3,17,0,18,172,financial
780,780,11,0,5,5,110,software
781,781,4,23,5,22,188,retail
782,782,12,12,5,17,99,retail
783,783,10,15,4,14,151,software
784,784,17,5,4,12,191,pharmaceutical
785,785,6,29,8,13,86,financial
786,786,2,0,4,19,217,financial
787,787,14,3,5,4,185,realestate
788,788,10,24,5,1,124,financial
789,789,5,13,9,6,138,realestate
790,790,0,12,6,10,122,education
791,791,17,21,5,25,205,education
792,792,2,4,8,28,202,education
793,793,19,29,6,14,85,retail
794,794,4,25,5,5,155,software
795,795,12,10,5,0,98,education
796,796,4,2,8,11,141,retail
797,797,16,15,1,9,162,education
798,798,3,12,2,23,172,realestate
799,799,12,19,5,7,104,software
800,800,11,13,1,21,110,education
801,801,8,4,0,15,139,realestate
802,802,17,8,5,19,186,software
803,803,10,13,7,5,145,retail
804,804,0,0,5,6,123,education
805,805,3,25,1,2,174,software
806,806,1,21,5,12,189,education
807,807,7,17,5,24,134,retail
808,808,1,16,7,28,176,retail
809,809,2,2,1,17,205,pharmaceutical
810,810,8,8,2,18,192,pharmaceutical
811,811,2,22,0,12,206,pharmaceutical
812,812,17,16,8,29,194,education
813,813,9,20,6,25,51,financial
814,814,4,26,5,4,150,education
815,815,10,6,7,10,115,education
816,816,15,28,7,29,184,financial
817,817,12,2,4,15,83,retail
818,818,6,10,4,12,62,financial
819,819,16,15,4,23,153,retail
820,820,12,13,4,17,84,realestate
821,821,1,7,0,25,175,realestate
822,822,12,8,3,28,98,software
823,823,12,23,5,5,87,financial
824,824,4,19,8,20,192,software
825,825,13,3,6,11,133,realestate
826,826,13,13,4,10,130,financial
827,827,11,22,1,0,134,education
828,828,0,22,2,14,122,realestate
829,829,2,13,6,26,201,financial
830,830,3,2,6,7,199,realestate
831,831,2,1,5,10,210,software
832,832,11,27,5,10,109,financial
833,833,5,12,9,8,101,financial
834,834,11,3,8,25,122,retail
835,835,6,22,0,3,50,pharmaceutical
836,836,0,16,8,18,120,retail
837,837,3,3,4,14,174,financial
838,838,16,16,0,16,156,pharmaceutical
839,839,13,14,8,9,125,education
840,840,4,27,2,28,160,realestate
841,841,15,2,7,10,206,retail
842,842,1,7,5,2,173,retail
843,843,3,29,9,20,207,software
844,844,9,23,2,4,72,financial
845,845,4,16,8,13,150,software
846,846,13,0,2,15,90,financial
847,847,2,3,8,0,216,education
848,848,14,26,5,28,185,education
849,849,9,24,4,2,65,financial
850,850,14,7,0,19,196,realestate
851,851,13,1,4,16,129,financial
852,852,11,22,3,0,103,financial
853,853,11,27,1,16,111,pharmaceutical
854,854,11,28,0,14,106,realestate
855,855,16,21,4,7,150,software
856,856,8,19,0,29,200,financial
857,857,13,5,2,13,113,pharmaceutical
858,858,19,12,0,17,114,pharmaceutical
859,859,7,9,1,1,162,financial
860,860,14,4,3,2,178,realestate
861,861,8,6,0,5,117,pharmaceutical
862,862,2,13,0,1,210,realestate
863,863,12,17,3,0,82,retail
864,864,14,17,0,2,190,education
865,865,2,29,6,27,203,software
866,866,14,2,8,6,183,pharmaceutical
867,867,14,29,9,8,181,education
868,868,6,21,3,29,45,software
869,869,4,3,2,26,144,retail
870,870,15,0,5,3,202,financial
871,871,12,5,1,6,80,software
872,872,11,23,7,5,140,pharmaceutical
873,873,9,0,8,11,96,realestate
874,874,5,17,6,25,132,retail
875,875,7,8,0,4,135,software
876,876,9,20,3,20,43,pharmaceutical
877,877,13,21,6,0,116,realestate
878,878,19,27,4,2,94,retail
879,879,8,25,5,16,157,pharmaceutical
880,880,2,26,0,27,214,education
881,881,16,18,5,15,146,pharmaceutical
882,882,9,23,6,16,82,retail
883,883,18,14,5,1,75,education
884,884,9,11,0,21,73,realestate
885,885,8,3,3,11,199,pharmaceutical
886,886,15,16,9,17,216,retail
887,887,4,12,1,18,134,financial
888,888,19,7,9,2,116,pharmaceutical
889,889,9,5,9,19,87,retail
890,890,13,4,5,0,102,software
891,891,11,3,2,29,113,financial
892,892,16,17,0,16,162,realestate
893,893,5,29,5,7,99,education
894,894,4,15,6,20,174,retail
895,895,15,22,2,11,216,retail
896,896,0,20,5,10,122,financial
897,897,19,24,2,9,95,software
898,898,6,0,2,7,44,software
899,899,16,13,2,29,151,retail
900,900,10,20,2,11,102,financial
901,901,10,28,5,14,120,education
902,902,18,8,0,26,67,financial
903,903,17,25,6,10,188,financial
904,904,14,27,8,28,195,software
905,905,0,3,2,10,119,financial
906,906,15,1,1,28,204,pharmaceutical
907,907,5,6,0,13,93,pharmaceutical
908,908,19,15,4,26,111,realestate
909,909,19,16,2,1,94,software
910,910,14,9,3,2,184,software
911,911,2,10,9,2,209,realestate
912,912,19,24,1,6,90,retail
913,913,0,14,4,12,122,education
914,914,8,13,6,28,120,education
915,915,2,0,9,21,202,pharmaceutical
916,916,15,9,1,16,193,education
917,917,19,18,4,27,115,education
918,918,18,8,7,2,86,retail
919,919,12,19,9,7,90,realestate
920,920,4,26,0,5,185,education
921,921,0,11,3,28,123,software
922,922,4,8,1,1,143,education
923,923,16,29,4,16,154,retail
924,924,19,9,7,19,101,retail
925,925,1,8,1,24,214,pharmaceutical
926,926,5,10,7,26,135,pharmaceutical
927,927,16,19,0,3,160,software
928,928,14,5,3,17,186,pharmaceutical
929,929,8,5,8,15,157,financial
930,930,16,3,5,18,159,financial
931,931,15,7,4,21,181,financial
932,932,7,21,9,16,150,retail
933,933,12,3,5,23,104,realestate
934,934,1,1,3,6,195,pharmaceutical
935,935,16,3,0,14,151,education
936,936,6,16,4,15,72,pharmaceutical
937,937,12,25,9,22,99,education
938,938,8,17,4,7,112,realestate
939,939,5,0,1,11,104,pharmaceutical
940,940,16,23,0,11,147,retail
941,941,19,10,2,13,92,software
942,942,14,6,4,12,185,software
943,943,2,5,8,10,204,financial
944,944,18,1,8,17,82,financial
945,945,11,23,8,22,126,financial
946,946,18,7,7,5,81,education
947,947,5,4,6,4,118,realestate
948,948,17,12,0,6,196,education
949,949,13,18,2,21,99,education
950,950,6,15,3,5,55,pharmaceutical
951,951,3,28,4,28,205,retail
952,952,11,16,6,18,124,pharmaceutical
953,953,18,13,5,18,71,financial
954,954,8,17,4,29,115,realestate
955,955,1,12,7,19,169,software
956,956,7,10,0,16,162,retail
957,957,14,5,9,26,181,software
958,958,13,25,0,20,94,financial
959,959,9,9,1,28,100,software
960,960,19,28,5,7,112,financial
961,961,18,25,2,27,65,education
962,962,8,24,5,11,205,pharmaceutical
963,963,4,1,6,25,166,education
964,964,6,2,2,0,52,retail
965,965,19,27,4,24,111,financial
966,966,16,9,2,0,158,financial
967,967,5,20,1,6,140,retail
968,968,2,18,4,22,215,realestate
969,969,1,13,3,1,161,retail
970,970,19,17,6,10,86,software
971,971,12,2,6,11,106,realestate
972,972,12,11,1,20,106,education
973,973,17,24,7,28,204,realestate
974,974,15,11,0,12,216,education
975,975,17,28,1,18,184,financial
976,976,10,14,4,24,135,financial
977,977,13,10,6,1,91,realestate
978,978,4,19,1,9,150,retail
979,979,0,4,1,17,121,software
980,980,10,24,7,12,127,retail
981,981,2,1,5,24,207,education
982,982,9,14,5,12,64,retail
983,983,11,29,8,6,124,realestate
984,984,0,19,4,24,123,financial
985,985,0,20,8,1,122,software
986,986,0,28,6,21,119,realestate
987,987,6,23,6,29,53,retail
988,988,12,10,5,3,101,financial
989,989,6,1,6,26,81,realestate
990,990,0,7,7,29,121,realestate
991,991,7,13,5,19,156,education
992,992,11,28,2,7,133,pharmaceutical
993,993,8,17,9,7,203,retail
994,994,9,9,2,18,74,software
995,995,6,27,3,4,73,financial
996,996,15,25,3,28,194,financial
997,997,14,10,6,7,199,financial
998,998,19,1,1,24,81,retail
999,999,4,21,3,29,179,education
1000,1000,18,2,5,20,98,education
1001,1001,19,9,9,10,101,pharmaceutical
1002,1002,17,18,0,21,191,education
1003,1003,13,12,9,21,86,pharmaceutical
1004,1004,6,21,3,22,40,pharmaceutical
1005,1005,12,27,7,2,93,realestate
1006,1006,6,20,6,17,46,pharmaceutical
1007,1007,19,1,2,12,88,financial
1008,1008,11,12,1,16,105,education
1009,1009,16,7,3,4,159,retail
1010,1010,14,9,2,11,180,education
1011,1011,11,13,0,0,117,retail
1012,1012,8,14,9,23,183,realestate
1013,1013,1,14,1,29,231,education
1014,1014,1,5,3,6,188,pharmaceutical
1015,1015,14,25,5,19,183,financial
1016,1016,4,18,2,26,135,software
1017,1017,0,26,9,2,121,retail
1018,1018,16,0,9,24,162,education
1019,1019,12,18,4,6,103,education
1020,1020,17,14,8,9,192,software
1021,1021,17,17,2,17,203,retail
1022,1022,6,26,8,15,66,education
1023,1023,10,0,1,13,118,realestate
1024,1024,2,16,2,1,215,realestate
1025,1025,2,1,4,24,215,retail
1026,1026,0,18,6,11,120,realestate
1027,1027,6,19,4,21,55,retail
1028,1028,2,20,6,12,212,software
1029,1029,19,26,5,18,107,financial
1030,1030,18,12,5,0,74,financial
1031,1031,17,20,7,5,186,financial
1032,1032,2,29,3,25,210,education
1033,1033,3,6,1,0,191,education
1034,1034,5,0,6,5,140,financial
1035,1035,16,25,7,4,147,realestate
1036,1036,12,3,2,24,96,education
1037,1037,17,2,3,12,205,pharmaceutical
1038,1038,13,6,8,20,139,pharmaceutical
1039,1039,0,11,9,27,121,realestate
1040,1040,10,25,0,17,128,pharmaceutical
1041,1041,1,21,3,22,202,financial
1042,1042,11,3,2,17,111,education
1043,1043,17,24,3,15,184,pharmaceutical
1044,1044,13,2,3,14,124,realestate
1045,1045,7,26,7,27,120,retail
1046,1046,4,22,1,16,140,financial
1047,1047,5,13,2,20,134,realestate
1048,1048,18,23,3,20,88,retail
1049,1049,12,14,7,6,91,education
1050,1050,13,23,1,2,111,retail
1051,1051,18,25,7,10,53,education
1052,1052,0,20,1,23,122,software
1053,1053,12,18,4,15,84,software
1054,1054,16,18,6,23,147,realestate
1055,1055,18,6,8,18,65,pharmaceutical
1056,1056,1,15,7,21,158,software
1057,1057,16,1,5,1,149,realestate
1058,1058,0,10,8,4,119,financial
1059,1059,15,1,5,23,194,financial
1060,1060,19,4,7,25,78,pharmaceutical
1061,1061,11,20,5,4,137,financial
1062,1062,13,29,6,11,120,education
1063,1063,11,26,7,2,133,pharmaceutical
1064,1064,7,14,4,5,144,pharmaceutical
1065,1065,16,2,6,1,161,software
1066,1066,8,18,2,2,188,realestate
1067,1067,6,18,3,22,56,realestate
1068,1068,4,27,4,7,164,software
1069,1069,0,29,8,28,123,pharmaceutical
1070,1070,17,12,2,7,199,education
1071,1071,8,5,0,1,202,realestate
1072,1072,10,9,6,1,139,software
1073,1073,9,21,7,23,88,pharmaceutical
1074,1074,7,0,4,25,156,education
1075,1075,10,17,7,7,156,pharmaceutical
1076,1076,18,20,9,1,85,pharmaceutical
1077,1077,16,22,1,26,154,realestate
1078,1078,13,17,1,7,101,education
1079,1079,12,15,8,27,89,retail
1080,1080,11,28,5,23,124,retail
1081,1081,11,21,3,20,91,education
1082,1082,7,6,9,27,145,financial
1083,1083,17,7,4,12,204,education
1084,1084,11,20,4,14,124,pharmaceutical
1085,1085,11,12,8,4,99,software
1086,1086,16,25,8,6,154,pharmaceutical
1087,1087,14,26,9,23,185,realestate
1088,1088,3,3,4,19,195,financial
1089,1089,10,17,5,5,130,pharmaceutical
1090,1090,10,13,3,19,122,education
1091,1091,13,21,0,9,106,pharmaceutical
1092,1092,1,10,9,26,162,realestate
1093,1093,1,23,3,18,196,retail
1094,1094,9,1,3,7,94,realestate
1095,1095,0,27,3,12,119,pharmaceutical
1096,1096,0,17,5,22,123,retail
1097,1097,13,2,5,22,92,software
1098,1098,1,29,1,14,193,education
1099,1099,11,19,1,19,131,realestate
1100,1100,7,25,9,9,167,education
1101,1101,12,26,3,1,92,realestate
1102,1102,14,22,9,13,198,realestate
1103,1103,6,13,3,1,46,education
1104,1104,15,28,8,23,195,pharmaceutical
1105,1105,15,13,2,6,188,realestate
1106,1106,15,26,1,18,193,retail
1107,1107,6,19,7,22,45,financial
1108,1108,19,16,0,27,117,pharmaceutical
1109,1109,15,18,7,6,188,retail
1110,1110,3,11,1,18,211,pharmaceutical
1111,1111,19,11,6,5,114,realestate
1112,1112,13,15,3,6,115,realestate
1113,1113,5,1,7,10,128,financial
1114,1114,9,9,1,25,70,pharmaceutical
1115,1115,8,9,4,17,122,retail
1116,1116,10,5,5,5,143,pharmaceutical
1117,1117,2,22,4,17,210,financial
1118,1118,19,8,8,0,81,pharmaceutical
1119,1119,16,24,8,20,149,education
1120,1120,4,5,3,1,144,pharmaceutical
1121,1121,4,3,0,28,160,pharmaceutical
1122,1122,2,27,9,29,208,education
1123,1123,13,10,4,0,141,education
1124,1124,1,15,9,15,194,financial
1125,1125,3,18,7,0,172,software
1126,1126,8,15,1,4,182,financial
1127,1127,19,17,4,5,105,retail
1128,1128,17,12,7,28,197,software
1129,1129,16,6,5,27,154,software
1130,1130,5,3,7,14,134,retail
1131,1131,5,23,1,0,135,retail
1132,1132,4,0,3,15,195,retail
1133,1133,6,25,3,17,83,education
1134,1134,9,3,1,3,79,software
1135,1135,16,27,9,15,161,software
1136,1136,9,27,5,1,56,pharmaceutical
1137,1137,3,27,6,13,200,financial
1138,1138,3,17,5,20,176,retail
1139,1139,6,6,0,22,72,realestate
1140,1140,19,28,3,3,102,financial
1141,1141,5,25,1,8,113,software
1142,1142,0,15,0,29,119,realestate
1143,1143,10,15,6,12,122,software
1144,1144,14,15,9,23,178,financial
1145,1145,10,9,0,6,138,education
1146,1146,19,20,3,3,74,education
1147,1147,19,7,0,16,74,realestate
1148,1148,19,27,8,20,87,financial
1149,1149,16,12,5,5,161,pharmaceutical
1150,1150,18,2,7,18,81,pharmaceutical
1151,1151,10,4,6,3,150,pharmaceutical
1152,1152,1,24,4,16,157,realestate
1153,1153,15,25,7,18,193,software
1154,1154,6,16,2,20,39,financial
1155,1155,14,22,8,0,185,realestate
1156,1156,3,19,5,7,212,pharmaceutical
1157,1157,10,12,1,28,88,realestate
1158,1158,3,17,2,10,182,pharmaceutical
1159,1159,19,7,4,16,112,retail
1160,1160,7,3,1,13,145,realestate
1161,1161,9,12,4,15,50,pharmaceutical
1162,1162,11,8,4,22,93,pharmaceutical
1163,1163,11,23,7,0,102,education
1164,1164,17,0,3,16,201,retail
1165,1165,6,22,4,2,47,education
1166,1166,16,21,9,17,150,realestate
1167,1167,12,0,2,24,99,education
1168,1168,17,4,6,11,205,pharmaceutical
1169,1169,1,2,1,0,221,software
1170,1170,18,9,1,23,59,software
1171,1171,10,22,7,24,138,realestate
1172,1172,15,7,4,0,180,education
1173,1173,14,20,1,25,195,education
1174,1174,15,27,2,3,188,pharmaceutical
1175,1175,13,20,6,6,86,retail
1176,1176,17,15,8,25,187,retail
1177,1177,2,20,7,3,214,realestate
1178,1178,10,16,0,12,134,retail
1179,1179,11,23,7,27,114,financial
1180,1180,0,26,9,4,123,software
1181,1181,18,14,9,6,66,software
1182,1182,19,5,4,23,83,retail
1183,1183,18,13,6,21,68,financial
1184,1184,5,20,0,4,121,software
1185,1185,5,9,0,14,121,education
1186,1186,1,14,5,0,162,financial
1187,1187,13,26,3,16,130,realestate
1188,1188,15,0,4,29,205,financial
1189,1189,17,25,2,21,194,financial
1190,1190,6,4,9,12,49,education
1191,1191,9,13,7,23,53,financial
1192,1192,0,19,2,20,122,realestate
1193,1193,14,24,5,21,197,retail
1194,1194,0,17,4,26,121,pharmaceutical
1195,1195,18,27,7,24,88,pharmaceutical
1196,1196,0,24,0,0,122,financial
1197,1197,3,24,5,1,191,realestate
1198,1198,4,20,4,16,146,pharmaceutical
1199,1199,12,28,7,28,95,pharmaceutical
1200,1200,6,29,6,11,75,financial
1201,1201,9,9,8,12,71,financial
1202,1202,5,18,1,14,96,education
1203,1203,13,16,0,7,112,financial
1204,1204,7,2,0,7,143,pharmaceutical
1205,1205,17,24,4,13,185,financial
1206,1206,0,15,8,9,123,retail
1207,1207,4,11,0,17,192,software
1208,1208,19,4,6,20,74,realestate
1209,1209,13,4,9,24,89,pharmaceutical
1210,1210,2,11,3,5,212,financial
1211,1211,12,26,3,29,80,software
1212,1212,2,3,8,18,215,retail
1213,1213,12,17,1,28,88,education
1214,1214,11,27,7,10,93,software
1215,1215,18,18,2,8,70,software
1216,1216,4,14,9,7,139,software
1217,1217,16,17,9,4,152,education
1218,1218,13,25,2,28,121,retail
1219,1219,5,19,6,0,106,pharmaceutical
1220,1220,16,6,0,20,153,software
1221,1221,1,15,8,19,193,financial
1222,1222,13,29,6,25,93,education
1223,1223,10,28,0,7,97,retail
1224,1224,14,8,5,23,180,realestate
1225,1225,8,4,6,24,136,realestate
1226,1226,3,8,3,14,203,pharmaceutical
1227,1227,8,27,5,29,118,pharmaceutical
1228,1228,10,6,6,14,149,education
1229,1229,14,8,0,19,195,education
1230,1230,10,17,0,21,123,financial
1231,1231,10,18,6,20,95,education
1232,1232,4,25,6,21,141,financial
1233,1233,11,12,3,8,125,software
1234,1234,19,2,9,23,105,software
1235,1235,15,5,6,8,187,realestate
1236,1236,11,25,5,6,131,realestate
1237,1237,19,9,2,16,82,education
1238,1238,2,16,7,29,211,financial
1239,1239,19,2,7,3,94,retail
1240,1240,10,14,4,29,99,education
1241,1241,16,13,1,8,157,pharmaceutical
1242,1242,2,10,0,16,216,software
1243,1243,12,21,2,26,99,retail
1244,1244,1,18,8,11,235,retail
1245,1245,13,15,6,28,140,education
1246,1246,11,13,6,13,108,software
1247,1247,8,5,4,23,166,pharmaceutical
1248,1248,18,4,8,21,98,software
1249,1249,19,25,3,1,80,realestate
1250,1250,10,3,7,3,124,retail
1251,1251,14,23,3,5,196,education
1252,1252,3,2,9,5,202,pharmaceutical
1253,1253,14,29,3,12,190,pharmaceutical
1254,1254,13,16,0,2,127,education
1255,1255,16,24,1,0,158,pharmaceutical
1256,1256,1,2,1,6,230,software
1257,1257,16,20,1,3,161,pharmaceutical
1258,1258,13,9,1,15,86,financial
1259,1259,13,16,7,2,146,software
1260,1260,19,10,2,28,103,realestate
1261,1261,10,5,3,26,112,realestate
1262,1262,16,5,2,7,149,education
1263,1263,19,22,5,7,114,software
1264,1264,0,19,5,23,120,realestate
1265,1265,16,25,1,12,151,software
1266,1266,9,14,6,26,63,software
1267,1267,4,8,1,20,187,education
1268,1268,3,8,8,14,165,education
1269,1269,12,10,1,5,84,pharmaceutical
1270,1270,11,4,5,28,95,pharmaceutical
1271,1271,5,1,9,6,96,realestate
1272,1272,16,24,6,13,158,pharmaceutical
1273,1273,14,27,9,29,198,financial
1274,1274,15,0,3,25,182,financial
1275,1275,1,9,5,9,185,realestate
1276,1276,5,15,3,18,113,realestate
1277,1277,14,6,9,8,191,realestate
1278,1278,9,7,0,15,54,retail
1279,1279,14,12,3,10,179,realestate
1280,1280,16,11,4,28,149,education
1281,1281,2,22,8,24,199,realestate
1282,1282,1,25,3,2,189,retail
1283,1283,9,9,3,19,62,education
1284,1284,8,15,7,15,168,pharmaceutical
1285,1285,12,18,9,29,88,pharmaceutical
1286,1286,4,1,4,21,175,retail
1287,1287,12,11,8,3,87,financial
1288,1288,15,14,4,17,180,retail
1289,1289,1,2,4,20,174,pharmaceutical
1290,1290,10,0,8,18,142,education
1291,1291,19,23,9,10,75,retail
1292,1292,10,29,9,26,128,software
1293,1293,1,19,4,12,208,retail
1294,1294,0,0,6,28,123,pharmaceutical
1295,1295,7,26,9,29,124,financial
1296,1296,1,0,3,21,194,education
1297,1297,3,26,7,27,184,education
1298,1298,2,2,0,24,218,education
1299,1299,13,23,2,17,128,software
1300,1300,10,15,5,22,105,education
1301,1301,15,21,1,24,183,software
1302,1302,10,4,7,27,127,pharmaceutical
1303,1303,0,21,2,12,122,realestate
1304,1304,9,19,1,13,43,realestate
1305,1305,6,2,0,5,83,software
1306,1306,16,14,4,12,156,financial
1307,1307,7,8,3,10,142,education
1308,1308,9,7,2,16,97,financial
1309,1309,6,17,5,6,74,education
1310,1310,11,19,6,13,95,financial
1311,1311,5,24,2,7,95,pharmaceutical
1312,1312,17,22,4,29,204,education
1313,1313,10,29,2,17,108,pharmaceutical
1314,1314,18,19,1,25,75,realestate
1315,1315,6,6,6,15,51,software
1316,1316,15,12,7,27,196,education
1317,1317,14,29,8,13,195,retail
1318,1318,7,1,0,13,141,pharmaceutical
1319,1319,14,9,1,6,178,financial
1320,1320,6,15,4,6,69,pharmaceutical
1321,1321,7,4,7,9,155,education
1322,1322,1,5,0,0,179,retail
1323,1323,1,24,7,11,196,realestate
1324,1324,1,21,9,23,198,realestate
1325,1325,8,1,7,28,179,software
1326,1326,16,21,9,5,150,realestate
1327,1327,15,5,0,20,189,retail
1328,1328,15,19,7,29,214,financial
1329,1329,11,18,5,8,128,retail
1330,1330,3,6,2,21,215,retail
1331,1331,18,6,4,15,51,software
1332,1332,13,8,7,19,138,pharmaceutical
1333,1333,5,17,4,27,112,education
1334,1334,7,19,3,6,131,software
1335,1335,6,28,5,9,69,pharmaceutical
1336,1336,19,23,0,7,75,pharmaceutical
1337,1337,2,15,7,26,202,realestate
1338,1338,14,11,0,23,182,software
1339,1339,1,22,7,24,197,pharmaceutical
1340,1340,3,16,9,19,176,retail
1341,1341,3,5,0,7,185,pharmaceutical
1342,1342,7,26,2,1,136,financial
1343,1343,5,21,0,18,114,software
1344,1344,13,20,9,16,107,retail
1345,1345,1,20,4,25,171,software
1346,1346,12,19,7,23,92,pharmaceutical
1347,1347,11,22,7,24,96,software
1348,1348,4,1,3,13,132,software
1349,1349,4,10,6,6,143,software
1350,1350,11,20,0,15,139,financial
1351,1351,6,22,7,26,62,pharmaceutical
1352,1352,9,18,6,2,62,financial
1353,1353,18,10,5,28,89,retail
1354,1354,7,16,5,17,163,retail
1355,1355,0,22,6,9,120,software
1356,1356,2,12,7,8,215,retail
1357,1357,14,13,5,16,182,realestate
1358,1358,2,17,0,9,205,financial
1359,1359,5,17,8,12,119,education
1360,1360,18,28,7,14,99,software
1361,1361,2,4,0,13,206,realestate
1362,1362,15,8,9,23,193,software
1363,1363,14,15,5,23,190,realestate
1364,1364,0,24,2,10,121,realestate
1365,1365,13,7,4,7,117,financial
1366,1366,18,23,9,12,100,financial
1367,1367,0,14,8,5,122,pharmaceutical
1368,1368,4,7,4,12,187,pharmaceutical
1369,1369,2,27,9,27,203,pharmaceutical
1370,1370,5,3,2,23,125,pharmaceutical
1371,1371,15,26,4,2,190,realestate
1372,1372,9,4,5,4,79,pharmaceutical
1373,1373,19,21,9,28,85,software
1374,1374,19,16,0,16,78,software
1375,1375,14,3,0,17,178,retail
1376,1376,17,4,6,13,195,pharmaceutical
1377,1377,1,24,7,25,158,software
1378,1378,3,2,1,13,165,pharmaceutical
1379,1379,14,23,9,25,199,retail
1380,1380,6,18,2,12,67,education
1381,1381,4,16,1,26,183,financial
1382,1382,10,11,3,3,102,realestate
1383,1383,11,29,6,19,101,software
1384,1384,17,29,8,21,197,financial
1385,1385,18,18,8,0,73,pharmaceutical
1386,1386,19,0,9,27,75,retail
1387,1387,6,2,2,1,84,realestate
1388,1388,18,4,5,17,62,realestate
1389,1389,13,4,2,1,137,financial
1390,1390,8,1,3,4,135,realestate
1391,1391,13,19,1,27,120,retail
1392,1392,11,9,2,13,137,pharmaceutical
1393,1393,12,0,4,21,103,software
1394,1394,19,2,7,2,79,pharmaceutical
1395,1395,9,2,1,15,80,education
1396,1396,3,4,6,13,172,education
1397,1397,5,1,1,11,119,retail
1398,1398,11,23,9,22,98,pharmaceutical
1399,1399,15,23,1,3,199,realestate
1400,1400,11,28,4,4,116,realestate
1401,1401,0,8,7,2,121,education
1402,1402,3,23,4,15,210,software
1403,1403,6,9,0,1,50,financial
1404,1404,16,10,2,16,151,financial
1405,1405,10,2,0,23,141,realestate
1406,1406,5,2,1,6,92,realestate
1407,1407,16,23,7,24,162,software
1408,1408,0,22,2,16,122,education
1409,1409,4,1,1,21,133,retail
1410,1410,1,15,6,17,167,financial
1411,1411,15,12,6,9,182,financial
1412,1412,6,3,6,13,42,pharmaceutical
1413,1413,12,26,6,13,102,retail
1414,1414,6,19,0,6,48,retail
1415,1415,11,21,2,11,132,financial
1416,1416,17,3,5,29,189,software
1417,1417,0,8,5,19,122,pharmaceutical
1418,1418,5,25,4,2,120,retail
1419,1419,11,4,9,23,127,education
1420,1420,0,1,7,21,121,financial
1421,1421,14,2,2,29,194,financial
1422,1422,4,18,0,3,181,education
1423,1423,1,12,8,23,214,financial
1424,1424,9,11,4,13,105,financial
1425,1425,19,13,1,12,117,financial
1426,1426,10,21,6,13,91,pharmaceutical
1427,1427,12,7,4,21,107,software
1428,1428,6,19,9,11,79,realestate
1429,1429,18,23,6,7,100,pharmaceutical
1430,1430,2,2,1,2,200,software
1431,1431,5,1,4,1,112,software
1432,1432,0,6,7,3,123,education
1433,1433,2,24,8,17,207,education
1434,1434,15,11,4,7,206,pharmaceutical
1435,1435,17,5,0,20,192,retail
1436,1436,11,28,5,18,132,software
1437,1437,13,15,1,10,98,education
1438,1438,7,6,2,2,128,software
1439,1439,6,16,8,1,44,financial
1440,1440,10,1,8,7,154,pharmaceutical
1441,1441,12,0,6,11,109,pharmaceutical
1442,1442,3,24,8,22,180,software
1443,1443,17,18,8,19,199,realestate
1444,1444,12,13,9,19,80,financial
1445,1445,5,7,1,4,110,pharmaceutical
1446,1446,13,6,9,23,113,pharmaceutical
1447,1447,5,15,4,18,106,realestate
1448,1448,1,9,7,22,176,education
1449,1449,18,11,9,8,52,pharmaceutical
1450,1450,6,8,5,17,53,retail
1451,1451,10,0,6,4,99,software
1452,1452,18,28,3,21,103,pharmaceutical
1453,1453,16,0,5,14,160,realestate
1454,1454,9,11,6,1,93,education
1455,1455,12,2,3,26,98,pharmaceutical
1456,1456,12,16,2,8,95,pharmaceutical
1457,1457,16,23,5,2,162,pharmaceutical
1458,1458,9,23,6,24,76,pharmaceutical
1459,1459,14,25,4,2,198,realestate
1460,1460,16,1,7,5,147,education
1461,1461,19,28,5,9,93,education
1462,1462,3,5,3,3,217,pharmaceutical
1463,1463,3,14,2,2,172,software
1464,1464,16,12,0,15,162,software
1465,1465,14,5,8,6,189,financial
1466,1466,3,25,1,27,205,education
1467,1467,13,22,9,28,138,pharmaceutical
1468,1468,15,16,7,15,182,financial
1469,1469,0,21,4,11,119,software
1470,1470,4,3,7,11,157,financial
1471,1471,18,12,3,22,71,education
1472,1472,11,18,3,15,123,pharmaceutical
1473,1473,12,21,7,16,102,realestate
1474,1474,7,28,4,5,125,software
1475,1475,4,29,5,26,141,realestate
1476,1476,0,16,5,24,119,education
1477,1477,6,13,8,6,57,retail
1478,1478,5,9,5,8,96,financial
1479,1479,12,3,8,1,104,realestate
1480,1480,5,25,1,22,136,pharmaceutical
1481,1481,14,7,1,10,196,pharmaceutical
1482,1482,2,8,4,25,213,pharmaceutical
1483,1483,19,5,2,14,78,software
1484,1484,6,28,1,12,79,pharmaceutical
1485,1485,17,0,9,27,190,financial
1486,1486,2,16,0,24,209,education
1487,1487,1,17,0,11,212,realestate
1488,1488,13,6,2,13,103,pharmaceutical
1489,1489,8,4,4,9,207,realestate
1490,1490,12,10,4,27,89,software
1491,1491,11,22,2,28,138,software
1492,1492,10,14,6,28,159,software
1493,1493,2,28,6,2,202,retail
1494,1494,14,9,6,22,183,software
1495,1495,9,24,0,16,103,retail
1496,1496,2,27,0,24,209,pharmaceutical
1497,1497,18,20,0,0,101,retail
1498,1498,19,23,8,25,116,financial
1499,1499,5,28,9,8,127,software
1500,1500,5,23,6,5,132,pharmaceutical
1501,1501,3,24,8,23,170,software
1502,1502,19,14,3,0,116,financial
1503,1503,3,27,8,20,192,education
1504,1504,0,23,6,12,121,education
1505,1505,17,19,0,17,191,realestate
1506,1506,9,15,1,9,61,education
1507,1507,17,17,3,13,195,software
1508,1508,9,8,0,21,104,education
1509,1509,16,19,5,5,159,software
1510,1510,8,4,2,0,198,realestate
1511,1511,9,22,1,20,60,education
1512,1512,6,14,9,19,40,software
1513,1513,15,29,0,25,191,pharmaceutical
1514,1514,4,18,7,1,140,retail
1515,1515,15,14,7,0,213,retail
1516,1516,17,1,7,21,197,financial
1517,1517,2,8,9,17,202,financial
1518,1518,17,24,2,5,188,education
1519,1519,18,17,4,3,98,retail
1520,1520,18,21,9,10,90,pharmaceutical
1521,1521,6,20,9,15,45,software
1522,1522,10,24,2,3,122,software
1523,1523,4,13,3,4,141,realestate
1524,1524,16,6,4,19,157,education
1525,1525,16,3,2,0,150,realestate
1526,1526,7,17,1,23,122,retail
1527,1527,19,25,0,16,111,retail
1528,1528,10,13,4,23,108,education
1529,1529,1,21,7,3,214,financial
1530,1530,12,27,9,15,84,retail
1531,1531,13,19,3,5,100,retail
1532,1532,11,11,6,9,116,software
1533,1533,1,29,9,27,229,realestate
1534,1534,2,7,9,6,210,pharmaceutical
1535,1535,4,10,2,27,183,realestate
1536,1536,8,14,4,3,202,software
1537,1537,5,12,5,6,127,retail
1538,1538,16,4,7,26,155,software
1539,1539,7,5,2,13,132,retail
1540,1540,5,6,5,28,120,financial
1541,1541,3,9,4,5,204,realestate
1542,1542,12,11,5,28,83,retail
1543,1543,5,15,7,4,125,realestate
1544,1544,15,9,8,28,216,software
1545,1545,13,27,2,29,90,software
1546,1546,9,26,9,9,72,financial
1547,1547,5,19,0,2,122,realestate
1548,1548,19,13,1,25,88,realestate
1549,1549,2,11,3,22,200,realestate
1550,1550,9,0,3,11,93,pharmaceutical
1551,1551,5,7,7,22,131,financial
1552,1552,14,12,3,17,178,realestate
1553,1553,2,13,4,2,218,retail
1554,1554,19,9,6,6,119,education
1555,1555,4,19,8,25,153,software
1556,1556,10,2,2,29,127,retail
1557,1557,4,4,9,28,185,pharmaceutical
1558,1558,6,26,7,19,73,realestate
1559,1559,0,5,9,6,123,education
1560,1560,9,13,2,12,90,software
1561,1561,19,12,3,22,82,retail
1562,1562,14,12,0,28,189,realestate
1563,1563,10,11,5,8,145,pharmaceutical
1564,1564,17,2,7,22,198,education
1565,1565,11,14,8,19,104,retail
1566,1566,12,9,5,19,80,financial
1567,1567,18,27,9,26,70,education
1568,1568,3,18,7,7,207,education
1569,1569,17,18,1,6,185,realestate
1570,1570,5,29,2,2,111,education
1571,1571,18,12,8,17,95,pharmaceutical
1572,1572,18,16,6,11,61,pharmaceutical
1573,1573,14,28,4,15,189,financial
1574,1574,0,6,1,13,119,realestate
1575,1575,6,17,2,10,44,retail
1576,1576,4,11,9,25,159,financial
1577,1577,0,6,4,23,123,financial
1578,1578,4,14,5,13,155,software
1579,1579,13,20,2,27,93,realestate
1580,1580,16,4,5,20,158,pharmaceutical
1581,1581,19,14,7,10,103,retail
1582,1582,6,21,5,2,49,realestate
1583,1583,16,25,1,11,154,realestate
1584,1584,10,18,5,8,103,retail
1585,1585,8,11,6,25,121,software
1586,1586,8,14,0,18,207,pharmaceutical
1587,1587,0,0,9,14,122,retail
1588,1588,7,17,8,5,151,realestate
1589,1589,0,7,2,22,120,software
1590,1590,15,2,6,15,188,education
1591,1591,6,10,4,29,83,realestate
1592,1592,6,26,0,3,67,realestate
1593,1593,12,18,3,25,103,education
1594,1594,12,2,7,10,82,retail
1595,1595,3,1,4,29,186,pharmaceutical
1596,1596,9,24,9,5,83,retail
1597,1597,4,24,6,29,160,education
1598,1598,17,2,0,11,200,pharmaceutical
1599,1599,14,2,4,5,199,software
1600,1600,13,11,9,19,144,software
1601,1601,2,29,2,17,209,software
1602,1602,15,5,8,14,189,software
1603,1603,7,7,5,20,127,education
1604,1604,8,4,8,24,155,financial
1605,1605,14,25,1,2,198,education
1606,1606,11,29,6,5,124,pharmaceutical
1607,1607,9,9,2,24,44,software
1608,1608,9,28,1,16,47,pharmaceutical
1609,1609,12,22,9,12,87,financial
1610,1610,14,10,1,11,184,software
1611,1611,8,18,6,16,161,pharmaceutical
1612,1612,15,28,5,7,208,financial
1613,1613,2,18,7,24,199,financial
1614,1614,7,24,2,21,138,pharmaceutical
1615,1615,5,22,5,0,110,realestate
1616,1616,16,26,6,5,148,financial
1617,1617,4,4,6,5,144,software
1618,1618,5,1,2,18,124,financial
1619,1619,15,22,7,23,187,realestate
1620,1620,12,18,3,23,101,financial
1621,1621,1,17,3,0,165,retail
1622,1622,2,0,4,29,205,financial
1623,1623,4,4,2,14,145,realestate
1624,1624,9,12,1,12,73,realestate
1625,1625,17,25,5,24,204,education
1626,1626,2,11,7,25,208,financial
1627,1627,17,8,7,27,189,realestate
1628,1628,17,12,2,23,191,realestate
1629,1629,9,13,8,24,67,retail
1630,1630,12,4,6,15,94,education
1631,1631,14,19,7,18,179,software
1632,1632,3,1,9,3,201,financial
1633,1633,11,17,7,14,118,pharmaceutical
1634,1634,3,1,4,4,214,software
1635,1635,17,26,3,24,187,financial
1636,1636,17,13,7,6,197,education
1637,1637,7,23,9,14,147,realestate
1638,1638,7,13,2,8,124,financial
1639,1639,6,28,9,19,66,education
1640,1640,3,27,3,3,187,education
1641,1641,10,24,4,26,136,software
1642,1642,15,4,3,19,180,software
1643,1643,13,20,1,8,94,realestate
1644,1644,17,8,7,12,205,retail
1645,1645,10,26,9,24,129,software
1646,1646,18,11,8,3,85,realestate
1647,1647,1,23,7,6,198,pharmaceutical
1648,1648,10,22,3,20,144,retail
1649,1649,11,16,1,24,137,financial
1650,1650,17,5,8,26,199,retail
1651,1651,10,12,5,18,132,retail
1652,1652,1,21,3,8,207,software
1653,1653,18,24,0,1,90,software
1654,1654,12,1,9,10,106,education
1655,1655,17,18,0,5,183,pharmaceutical
1656,1656,2,28,9,23,202,financial
1657,1657,16,2,2,13,157,financial
1658,1658,9,4,5,8,52,retail
1659,1659,10,28,8,24,137,financial
1660,1660,14,6,2,28,179,pharmaceutical
1661,1661,10,18,3,29,89,realestate
1662,1662,11,11,5,7,107,software
1663,1663,15,14,2,24,199,realestate
1664,1664,8,10,7,26,205,retail
1665,1665,16,22,0,10,156,education
1666,1666,9,7,4,2,98,software
1667,1667,9,11,6,8,51,retail
1668,1668,15,27,7,13,192,education
1669,1669,0,29,6,21,122,retail
1670,1670,11,12,4,4,109,retail
1671,1671,17,13,6,0,201,education
1672,1672,9,10,4,18,80,pharmaceutical
1673,1673,1,9,0,22,225,realestate
1674,1674,13,20,3,8,96,education
1675,1675,9,29,9,18,43,software
1676,1676,6,3,9,13,56,software
1677,1677,4,1,4,8,189,financial
1678,1678,10,15,4,0,132,retail
1679,1679,0,3,9,3,123,retail
1680,1680,11,3,1,26,121,pharmaceutical
1681,1681,3,27,4,22,180,retail
1682,1682,13,15,7,24,116,software
1683,1683,0,23,4,6,123,software
1684,1684,14,24,2,27,195,retail
1685,1685,9,9,5,20,65,realestate
1686,1686,3,22,2,19,186,retail
1687,1687,6,14,9,0,38,pharmaceutical
1688,1688,6,27,1,1,46,retail
1689,1689,11,17,2,17,116,financial
1690,1690,17,10,3,7,197,financial
1691,1691,17,17,7,7,193,retail
1692,1692,8,6,0,21,111,education
1693,1693,2,15,7,26,209,pharmaceutical
1694,1694,1,19,5,5,211,realestate
1695,1695,1,0,7,11,220,software
1696,1696,1,26,6,8,211,retail
1697,1697,1,14,4,3,160,software
1698,1698,12,23,4,2,79,software
1699,1699,18,29,6,8,83,pharmaceutical
1700,1700,8,16,3,2,183,pharmaceutical
1701,1701,6,1,7,9,45,financial
1702,1702,6,17,5,16,38,software
1703,1703,6,17,5,27,61,pharmaceutical
1704,1704,3,0,1,2,178,pharmaceutical
1705,1705,4,25,1,0,130,realestate
1706,1706,19,6,4,1,107,pharmaceutical
1707,1707,11,13,6,1,124,financial
1708,1708,6,24,3,22,58,retail
1709,1709,12,8,4,27,79,software
1710,1710,3,1,5,3,209,realestate
1711,1711,2,5,6,18,218,pharmaceutical
1712,1712,16,22,9,25,159,financial
1713,1713,14,3,9,7,185,realestate
1714,1714,0,16,7,25,122,realestate
1715,1715,17,6,8,6,188,retail
1716,1716,3,27,3,2,190,financial
1717,1717,11,12,7,17,137,realestate
1718,1718,12,25,4,11,81,financial
1719,1719,16,26,4,25,151,software
1720,1720,12,26,8,10,96,retail
1721,1721,17,18,1,4,191,pharmaceutical
1722,1722,5,19,9,17,100,realestate
1723,1723,12,15,8,10,88,pharmaceutical
1724,1724,3,3,5,27,216,pharmaceutical
1725,1725,2,29,7,15,207,software
1726,1726,18,9,8,27,52,software
1727,1727,8,8,8,3,183,software
1728,1728,8,23,9,2,110,retail
1729,1729,2,11,0,5,199,realestate
1730,1730,16,20,6,18,151,retail
1731,1731,9,5,7,11,52,software
1732,1732,5,1,1,11,100,education
1733,1733,5,25,4,1,92,realestate
1734,1734,14,25,9,4,189,education
1735,1735,12,11,9,0,108,financial
1736,1736,18,8,3,3,83,retail
1737,1737,5,22,4,21,94,software
1738,1738,15,11,9,18,195,education
1739,1739,7,20,9,20,139,education
1740,1740,0,9,5,17,119,realestate
1741,1741,14,27,5,14,184,realestate
1742,1742,9,12,2,9,85,pharmaceutical
1743,1743,3,18,2,5,205,software
1744,1744,11,23,2,13,91,pharmaceutical
1745,1745,19,4,7,17,116,software
1746,1746,19,4,4,15,111,retail
1747,1747,2,17,1,15,217,pharmaceutical
1748,1748,11,19,0,8,113,pharmaceutical
1749,1749,15,12,2,14,220,education
1750,1750,15,3,0,26,196,financial
1751,1751,9,9,5,12,105,pharmaceutical
1752,1752,12,5,0,26,78,realestate
1753,1753,2,11,6,14,219,software
1754,1754,10,24,0,2,135,education
1755,1755,11,6,1,2,138,education
1756,1756,10,25,5,29,113,realestate
1757,1757,10,16,5,12,126,realestate
1758,1758,18,5,2,24,81,realestate
1759,1759,19,27,1,26,76,realestate
1760,1760,15,23,0,11,217,realestate
1761,1761,0,25,0,13,121,pharmaceutical
1762,1762,10,3,2,4,154,education
1763,1763,1,17,9,21,207,financial
1764,1764,17,28,2,10,190,education
1765,1765,12,0,8,6,109,software
1766,1766,18,15,7,24,89,retail
1767,1767,17,19,0,17,189,education
1768,1768,5,24,9,9,125,software
1769,1769,4,24,8,10,172,realestate
1770,1770,17,5,0,7,196,realestate
1771,1771,2,19,1,14,199,financial
1772,1772,10,4,9,6,95,financial
1773,1773,1,28,7,5,235,pharmaceutical
1774,1774,0,23,6,20,122,financial
1775,1775,10,0,3,4,142,realestate
1776,1776,19,21,5,19,71,education
1777,1777,18,8,9,10,53,financial
1778,1778,5,14,9,20,131,retail
1779,1779,10,18,7,16,98,pharmaceutical
1780,1780,11,18,2,22,96,realestate
1781,1781,14,6,9,4,185,education
1782,1782,5,20,5,15,124,software
1783,1783,10,0,2,27,144,education
1784,1784,10,19,2,13,103,realestate
1785,1785,14,2,9,29,179,software
1786,1786,7,25,8,12,160,realestate
1787,1787,10,4,2,7,146,realestate
1788,1788,10,22,7,18,102,financial
1789,1789,1,1,5,28,186,software
1790,1790,1,28,4,9,212,realestate
1791,1791,16,11,8,19,151,realestate
1792,1792,9,10,4,1,63,financial
1793,1793,14,0,1,28,182,financial
1794,1794,13,10,4,24,126,software
1795,1795,14,13,1,25,180,financial
1796,1796,15,19,9,3,193,retail
1797,1797,4,26,4,16,183,financial
1798,1798,10,22,4,5,132,realestate
1799,1799,0,8,2,24,121,realestate
1800,1800,0,8,0,26,122,retail
1801,1801,19,19,4,23,90,realestate
1802,1802,6,22,1,28,59,pharmaceutical
1803,1803,4,1,7,14,189,pharmaceutical
1804,1804,10,21,0,18,107,realestate
1805,1805,13,24,0,14,98,realestate
1806,1806,4,29,3,17,181,retail
1807,1807,9,15,5,11,82,realestate
1808,1808,8,19,5,4,119,pharmaceutical
1809,1809,15,27,0,29,199,education
1810,1810,19,22,4,25,118,pharmaceutical
1811,1811,9,12,4,17,43,pharmaceutical
1812,1812,19,16,6,7,83,retail
1813,1813,0,21,5,3,122,pharmaceutical
1814,1814,12,10,5,13,79,education
1815,1815,15,21,3,4,190,retail
1816,1816,15,25,4,19,188,pharmaceutical
1817,1817,18,9,5,14,78,retail
1818,1818,17,22,3,21,185,education
1819,1819,11,8,4,20,113,pharmaceutical
1820,1820,19,12,9,16,81,realestate
1821,1821,5,21,2,14,101,pharmaceutical
1822,1822,19,9,1,9,76,education
1823,1823,10,3,2,13,98,education
1824,1824,15,0,5,19,219,retail
1825,1825,19,27,0,12,98,software
1826,1826,14,10,1,5,182,education
1827,1827,1,27,4,12,182,software
1828,1828,2,22,2,25,212,retail
1829,1829,0,27,8,11,121,education
1830,1830,18,16,4,16,55,pharmaceutical
1831,1831,8,14,4,0,188,realestate
1832,1832,3,22,1,2,167,retail
1833,1833,11,15,5,23,120,financial
1834,1834,18,10,1,29,58,software
1835,1835,3,28,0,7,200,software
1836,1836,1,13,6,22,216,pharmaceutical
1837,1837,16,3,5,3,146,realestate
1838,1838,17,28,4,21,200,financial
1839,1839,11,24,9,2,118,retail
1840,1840,7,23,2,22,128,pharmaceutical
1841,1841,3,7,1,17,197,financial
1842,1842,16,21,3,4,153,pharmaceutical
1843,1843,4,18,1,12,156,realestate
1844,1844,19,2,4,10,106,education
1845,1845,1,10,7,13,155,software
1846,1846,1,15,2,20,209,software
1847,1847,0,26,6,13,119,software
1848,1848,2,13,9,12,216,education
1849,1849,4,4,4,16,144,financial
1850,1850,19,9,8,17,117,software
1851,1851,7,24,7,11,143,software
1852,1852,5,16,2,26,123,realestate
1853,1853,11,11,6,10,128,financial
1854,1854,8,29,1,8,164,pharmaceutical
1855,1855,4,4,6,28,190,realestate
1856,1856,7,3,6,0,151,education
1857,1857,17,16,6,20,192,realestate
1858,1858,13,1,7,26,88,financial
1859,1859,9,17,4,13,73,software
1860,1860,7,11,3,28,137,education
1861,1861,10,26,4,8,155,pharmaceutical
1862,1862,10,14,5,26,145,realestate
1863,1863,18,21,0,24,100,software
1864,1864,15,0,8,14,187,retail
1865,1865,5,16,7,8,125,financial
1866,1866,4,23,9,11,171,financial
1867,1867,14,22,4,20,195,realestate
1868,1868,10,3,4,0,127,retail
1869,1869,12,2,3,5,102,financial
1870,1870,11,17,3,15,101,software
1871,1871,19,20,5,27,75,financial
1872,1872,7,28,9,0,136,education
1873,1873,0,13,0,0,122,retail
1874,1874,9,12,8,23,101,education
1875,1875,7,24,5,28,165,financial
1876,1876,18,10,6,20,64,pharmaceutical
1877,1877,8,28,9,9,194,realestate
1878,1878,13,24,8,23,105,education
1879,1879,9,4,0,2,70,realestate
1880,1880,4,20,4,7,160,retail
1881,1881,2,27,7,26,207,software
1882,1882,10,5,0,1,114,pharmaceutical
1883,1883,0,19,9,17,122,education
1884,1884,7,29,2,6,146,realestate
1885,1885,10,2,6,18,154,software
1886,1886,16,15,0,1,157,retail
1887,1887,12,2,8,20,110,education
1888,1888,0,11,0,26,121,financial
1889,1889,11,24,4,22,112,realestate
1890,1890,5,10,8,25,140,financial
1891,1891,2,7,8,12,209,financial
1892,1892,18,27,0,11,64,pharmaceutical
1893,1893,11,23,5,7,104,retail
1894,1894,18,21,2,24,63,education
1895,1895,19,4,0,20,97,realestate
1896,1896,7,26,4,12,156,financial
1897,1897,0,1,7,18,121,pharmaceutical
1898,1898,8,26,7,20,154,retail
1899,1899,10,3,7,7,88,retail
1900,1900,3,20,1,24,175,financial
1901,1901,9,13,2,21,94,realestate
1902,1902,10,19,1,14,100,pharmaceutical
1903,1903,2,17,7,4,200,financial
1904,1904,12,29,6,16,92,pharmaceutical
1905,1905,16,1,6,12,157,pharmaceutical
1906,1906,17,25,9,7,189,realestate
1907,1907,8,24,0,26,143,realestate
1908,1908,17,18,4,16,186,financial
1909,1909,17,18,4,10,184,retail
1910,1910,14,1,2,19,198,retail
1911,1911,9,15,6,2,54,software
1912,1912,15,1,2,10,197,realestate
1913,1913,3,7,9,10,197,realestate
1914,1914,1,10,9,12,166,pharmaceutical
1915,1915,1,16,1,23,180,financial
1916,1916,15,27,2,22,195,realestate
1917,1917,4,15,7,13,169,education
1918,1918,11,3,6,23,139,education
1919,1919,16,25,4,29,159,education
1920,1920,3,20,2,11,179,realestate
1921,1921,2,7,9,13,217,retail
1922,1922,19,15,4,20,97,realestate
1923,1923,5,26,2,15,136,financial
1924,1924,19,7,2,27,77,retail
1925,1925,2,25,5,28,215,financial
1926,1926,18,22,0,28,66,realestate
1927,1927,1,14,8,1,207,realestate
1928,1928,3,22,9,2,167,education
1929,1929,0,13,2,12,120,software
1930,1930,16,17,1,20,149,retail
1931,1931,13,17,0,7,92,pharmaceutical
1932,1932,6,6,1,25,50,realestate
1933,1933,1,19,7,11,159,pharmaceutical
1934,1934,2,6,3,24,207,financial
1935,1935,17,9,4,3,204,financial
1936,1936,10,26,0,18,116,retail
1937,1937,2,24,2,2,213,education
1938,1938,1,15,0,4,217,education
1939,1939,10,24,5,25,92,retail
1940,1940,12,12,6,14,106,education
1941,1941,6,1,6,24,73,education
1942,1942,14,23,5,22,183,pharmaceutical
1943,1943,18,7,8,29,56,retail
1944,1944,17,10,2,15,190,realestate
1945,1945,15,22,2,4,190,financial
1946,1946,17,14,7,18,194,education
1947,1947,19,21,6,6,112,pharmaceutical
1948,1948,11,6,6,4,103,realestate
1949,1949,17,23,1,24,188,retail
1950,1950,9,16,9,26,99,retail
1951,1951,1,7,3,27,221,software
1952,1952,1,14,7,13,191,education
1953,1953,0,16,0,26,121,education
1954,1954,14,19,8,14,197,financial
1955,1955,18,29,9,29,79,pharmaceutical
1956,1956,9,13,0,15,74,pharmaceutical
1957,1957,5,7,2,17,114,pharmaceutical
1958,1958,14,6,3,24,189,financial
1959,1959,9,27,1,18,89,pharmaceutical
1960,1960,0,2,6,10,122,realestate
1961,1961,9,22,9,27,62,realestate
1962,1962,13,6,1,10,98,realestate
1963,1963,10,12,7,18,124,education
1964,1964,16,3,5,25,154,realestate
1965,1965,6,8,3,10,85,pharmaceutical
1966,1966,15,6,1,21,206,retail
1967,1967,14,16,0,4,188,realestate
1968,1968,2,4,9,7,199,financial
1969,1969,6,1,1,7,55,software
1970,1970,0,19,8,10,123,pharmaceutical
1971,1971,2,8,0,1,213,retail
1972,1972,3,9,4,5,214,software
1973,1973,9,6,5,27,96,pharmaceutical
1974,1974,19,28,6,29,81,software
1975,1975,6,9,4,18,73,realestate
1976,1976,5,20,3,24,105,realestate
1977,1977,10,29,5,23,150,financial
1978,1978,2,19,3,19,216,realestate
1979,1979,17,23,0,7,202,software
1980,1980,0,10,4,0,123,education
1981,1981,15,6,4,7,193,software
1982,1982,18,29,5,27,56,realestate
1983,1983,15,18,0,9,209,pharmaceutical
1984,1984,19,17,8,8,108,pharmaceutical
1985,1985,15,25,7,29,181,education
1986,1986,15,3,1,14,203,retail
1987,1987,11,16,4,17,137,financial
1988,1988,1,27,1,23,162,financial
1989,1989,17,24,2,22,196,realestate
1990,1990,14,25,2,1,185,realestate
1991,1991,15,15,5,23,212,software
1992,1992,9,16,5,4,73,retail
1993,1993,3,29,9,10,200,financial
1994,1994,17,21,0,28,188,realestate
1995,1995,18,25,0,27,83,education
1996,1996,1,1,0,21,170,financial
1997,1997,8,21,6,6,134,software
1998,1998,1,12,4,12,179,education
1999,1999,10,25,8,25,118,education
